QBarcode,CurFry,CurVeg,CurFrt,CurEx
100,1,5,5,2
102,0,2,2,2
104,0,5,5,1
105,6,4,5,0
106,2,5,4,1
107,1,4,4,1
109,99,4,2,2
110,0,2,2,0
111,3,6,3,0
112,1,2,2,1
113,0,1,9,0
115,2,3,4,0
117,2,4,4,0
118,3,5,5,1
119,2,5,6,0
120,3,4,3,1
121,3,3,5,0
122,3,3,4,1
123,1,1,1,0
124,1,3,3,2
126,3,3,3,0
127,0,9,7,3
202,1,1,1,0
203,1,9,7,0
204,2,4,4,2
205,2,5,5,3
209,0,5,5,0
210,1,3,2,1
211,3,4,3,1
212,1,3,3,3
213,1,5,5,0
214,0,3,4,0
215,4,2,3,2
216,1,5,5,3
238,1,8,7,0
239,8,5,5,0
240,0,4,1,2
243,2,3,5,2
244,2,2,1,2
245,1,2,2,0
246,4,5,4,2
247,2,4,3,0
249,1,3,7,1
250,5,2,1,0
251,3,2,5,1
254,1,1,1,3
255,1,5,2,0
256,1,2,2,2
257,1,3,3,0
258,2,7,8,2
259,1,2,2,2
260,1,4,4,1
264,1,4,4,1
266,2,1,1,0
268,1,2,2,3
270,1,5,6,2
275,1,6,6,2
276,5,5,1,0
278,0,3,1,99
279,2,5,7,2
280,1,6,6,2
281,4,7,6,1
282,0,6,6,1
285,1,6,8,2
290,1,4,2,0
295,2,5,5,1
296,1,4,2,1
327,1,4,6,0
343,1,6,6,1
352,3,4,4,0
353,1,3,3,0
360,1,4,2,0
361,2,1,3,1
362,3,4,5,0
363,1,4,3,2
366,1,2,3,2
367,6,7,7,0
369,1,6,4,3
370,3,2,1,0
371,1,3,3,3
372,2,2,1,2
373,0,3,2,1
375,0,1,1,0
376,2,6,7,3
378,3,5,5,0
379,0,2,4,3
380,2,5,6,0
482,3,4,4,2
483,2,4,6,0
484,1,3,6,0
488,1,1,1,0
492,2,3,2,1
493,1,3,3,2
500,0,4,4,2
501,2,5,2,0
503,1,3,4,1
504,2,4,0,3
505,3,2,2,0
507,1,5,3,0
509,4,3,3,2
513,6,2,2,2
514,99,3,99,1
517,1,3,4,3
518,1,3,1,0
523,0,5,3,0
527,2,4,6,1
529,1,4,6,1
532,2,2,3,0
536,2,4,6,1
539,2,4,3,2
541,1,4,2,2
542,1,3,3,3
545,3,4,5,1
554,1,4,5,1
558,2,4,1,3
559,0,3,7,0
572,1,2,2,3
575,5,5,2,1
576,2,6,5,2
578,3,5,4,1
579,4,4,5,0
597,1,4,7,3
598,1,6,6,1
599,2,4,3,1
600,1,2,3,0
608,0,2,2,0
615,1,4,7,1
623,4,5,5,3
646,1,5,4,2
651,1,1,1,2
652,4,4,2,0
654,0,6,6,1
661,2,3,4,0
662,1,3,3,1
669,2,5,5,0
674,1,3,6,0
678,1,3,3,0
681,1,7,7,0
683,3,2,1,0
685,6,2,3,0
693,4,4,3,1
695,0,8,7,0
696,2,2,2,1
698,5,6,5,0
700,3,2,3,1
716,3,3,4,0
721,2,5,6,1
729,1,3,1,2
740,6,5,6,2
743,2,7,5,2
744,1,4,4,2
745,2,3,2,3
750,0,6,7,2
754,0,3,6,3
761,1,4,2,3
762,3,3,4,0
763,2,7,7,0
764,2,3,3,0
768,1,5,5,1
772,1,7,6,0
783,1,3,4,0
786,2,6,5,2
787,1,6,9,2
788,99,99,99,99
789,1,5,6,2
790,2,2,1,2
791,1,4,4,2
794,2,3,3,2
795,0,2,6,0
796,2,5,3,2
800,99,99,99,99
802,0,2,3,0
805,3,3,5,3
809,1,3,3,0
810,1,5,6,3
813,2,3,2,0
814,3,3,1,2
823,1,3,1,2
826,2,9,8,3
839,99,99,99,3
843,1,2,1,0
851,1,5,6,3
856,99,7,9,99
879,0,5,5,1
883,1,4,3,0
891,1,2,2,0
893,2,3,3,0
897,0,3,2,0
898,1,7,7,3
900,3,3,4,3
901,2,6,5,3
908,1,3,4,1
910,2,2,2,0
917,99,3,5,0
925,99,3,2,99
955,2,2,3,1
960,2,4,5,0
970,0,4,3,0
996,4,3,3,0
997,0,5,2,3
998,1,3,3,0
999,0,3,5,0
1000,1,2,4,0
1001,0,3,5,0
1002,2,3,3,0
1003,1,4,3,3
1006,0,3,2,2
1007,0,5,5,1
1008,1,5,5,0
1012,2,3,2,2
1013,4,5,6,0
1018,1,99,99,0
1019,3,4,4,1
1023,3,5,2,0
1024,3,5,5,1
1026,2,4,6,2
1028,3,4,3,0
1029,2,2,1,0
1031,2,5,3,0
1037,4,3,3,0
1038,2,3,6,0
1040,0,6,7,2
1042,3,3,2,2
1062,0,5,2,0
1065,0,5,5,0
1078,2,3,2,0
1082,1,0,0,0
1088,3,7,5,1
1105,1,6,2,0
1106,9,1,9,0
1107,3,3,3,0
1112,3,5,5,2
1116,6,7,7,3
1118,4,4,3,3
1122,2,2,1,0
1123,2,3,2,0
1125,1,6,6,2
1126,1,7,6,1
1128,1,7,7,0
1137,1,5,2,0
1138,5,3,1,3
1146,3,5,4,2
1148,2,2,5,0
1149,2,2,2,0
1150,4,6,6,2
1152,3,3,3,0
1167,2,4,1,1
1175,1,3,2,1
1177,0,3,3,1
1182,2,2,2,0
1192,2,5,3,0
1193,1,3,5,0
1198,1,1,4,0
1199,3,4,5,2
1203,1,3,2,3
1204,1,7,7,2
1206,1,5,5,2
1207,2,5,5,3
1208,5,7,7,1
1210,5,5,5,0
1211,0,4,6,2
1212,2,3,3,2
1213,2,7,1,1
1214,2,4,3,2
1215,1,2,2,0
1217,2,6,5,1
1218,1,1,2,0
1221,3,5,6,3
1222,3,6,6,0
1224,2,2,7,2
1225,3,5,5,2
1230,1,3,3,0
1231,6,6,8,0
1234,3,4,4,1
1235,2,1,1,0
1238,2,2,1,0
1241,1,3,2,0
1246,1,3,1,1
1253,1,2,2,3
1268,1,5,5,3
1271,0,4,3,0
1272,2,3,6,2
1278,1,2,4,1
1288,4,6,3,0
1289,0,6,7,2
1290,1,4,1,1
1291,2,3,3,3
1294,1,2,2,3
1295,1,5,6,0
1298,1,4,4,1
1300,2,5,2,2
1302,1,4,5,2
1303,1,3,3,2
1306,2,7,2,2
1315,4,6,7,1
1319,1,6,6,0
1321,2,3,1,0
1322,3,4,3,1
1324,2,3,3,1
1335,3,5,1,0
1338,2,6,5,2
1339,2,7,8,3
1340,3,6,6,3
1346,1,5,3,0
1347,1,5,6,2
1352,3,6,4,0
1353,3,7,5,2
1356,1,2,2,0
1357,3,3,3,1
1360,2,6,4,0
1364,2,2,1,2
1367,1,2,2,1
1368,3,6,5,0
1372,3,3,4,0
1377,1,3,7,0
1378,1,2,1,3
1379,1,3,3,1
1384,3,3,2,2
1386,5,5,5,3
1387,3,0,1,0
1390,1,5,6,2
1391,1,5,5,2
1393,2,4,2,0
1395,2,5,3,0
1398,1,2,4,99
1399,3,6,5,2
1405,99,99,99,99
1407,2,2,1,2
1410,2,2,0,0
1414,1,0,1,0
1415,6,4,3,2
1416,2,2,4,2
1422,5,6,6,0
1423,1,4,6,0
1424,3,3,4,3
1427,0,6,7,3
1428,4,3,1,0
1430,2,2,6,0
1434,0,7,6,3
1437,2,5,5,2
1439,1,5,4,1
1441,2,2,2,1
1444,3,5,3,0
1452,3,1,1,1
1454,0,3,1,2
1459,2,5,6,3
1463,1,2,1,0
1464,1,5,8,1
1466,2,2,6,1
1467,2,4,3,0
1468,0,3,2,1
1469,3,2,2,0
1471,2,4,1,0
1472,1,3,5,0
1473,0,6,1,0
1474,2,7,7,3
1483,1,6,3,3
1485,1,4,5,2
1490,3,3,4,3
1492,2,4,8,1
1497,2,6,5,99
1499,1,3,3,3
1500,1,2,2,0
1505,0,6,5,0
1507,2,3,3,0
1508,2,6,7,1
1509,0,3,1,0
1515,1,9,9,3
1516,1,2,2,0
1518,3,5,4,2
1520,0,3,3,0
1522,1,2,1,3
1523,2,3,5,0
1524,0,4,3,0
1525,2,3,3,2
1527,2,4,3,0
1529,2,3,5,0
1530,3,4,4,0
1533,2,1,2,0
1535,1,3,3,3
1537,2,2,2,1
1541,2,5,1,0
1544,0,6,5,2
1548,2,5,5,0
1549,0,2,0,2
1552,2,3,5,0
1557,1,1,7,0
1559,2,3,4,1
1562,4,5,5,2
1563,2,3,2,1
1571,2,3,3,1
1574,0,5,3,3
1575,3,5,3,2
1577,3,4,0,0
1581,1,4,3,0
1583,6,5,5,2
1584,1,1,1,0
1586,3,7,99,99
1587,2,2,5,1
1589,0,2,3,1
1594,2,4,2,1
1597,1,3,3,0
1602,1,6,5,0
1606,1,3,4,2
1607,1,1,3,0
1608,1,5,6,1
1613,1,5,6,3
1616,3,3,3,0
1618,1,1,6,0
1620,2,3,3,0
1622,1,7,6,1
1626,3,1,7,2
1627,1,3,7,2
1637,2,4,3,2
1641,1,4,5,3
1645,2,5,5,0
1649,1,2,2,1
1651,1,2,2,2
1652,1,6,7,0
1656,1,5,6,1
1657,1,8,8,1
1658,1,7,8,2
1659,5,4,3,1
1662,1,3,5,3
1664,2,2,8,99
1666,2,3,4,0
1667,2,3,7,2
1668,1,1,3,0
1672,5,5,5,1
1677,1,4,4,0
1679,5,5,5,3
1680,2,4,3,2
1683,2,4,4,0
1689,2,6,5,0
1692,2,2,1,0
1693,1,6,3,3
1694,1,6,7,1
1695,1,3,5,3
1697,4,5,5,0
1698,1,4,3,1
1702,1,4,5,2
1706,0,7,7,0
1715,3,2,1,0
1716,2,2,1,0
1717,3,3,3,3
1718,1,5,8,99
1720,2,7,9,0
1726,0,2,8,2
1730,3,5,5,3
1732,0,4,2,3
1733,2,3,7,0
1736,1,2,3,1
1742,3,6,6,3
1746,2,4,4,2
1751,0,6,5,2
1756,2,3,3,0
1757,3,2,3,0
1759,0,5,5,0
1761,0,7,7,2
1762,3,6,5,1
1769,2,2,3,3
1780,3,4,6,1
1782,0,3,2,1
1785,0,5,3,0
1789,0,6,6,3
1790,4,6,6,0
1795,0,2,3,2
1807,2,6,5,1
1810,0,2,3,0
1816,1,6,6,1
1819,2,2,2,0
1820,0,3,5,0
1821,99,99,99,99
1823,0,3,4,3
1824,3,6,3,3
1825,0,6,6,3
1829,3,4,3,2
1832,3,6,8,3
1834,3,4,3,0
1840,3,1,3,1
1846,0,9,9,0
1849,1,4,3,2
1850,0,3,4,1
1856,2,2,2,1
1861,0,5,4,3
1864,1,5,6,3
1866,4,2,1,2
1867,1,5,6,0
1868,1,3,2,0
1870,1,6,6,3
1871,0,7,7,1
1875,3,6,5,1
1876,2,1,5,0
1879,5,8,6,1
1884,2,4,3,0
1885,0,6,6,1
1886,0,1,5,0
1891,2,3,4,2
1892,3,4,2,0
1900,2,2,2,0
1908,3,5,6,1
1913,2,6,6,0
1916,1,1,5,2
1919,99,99,99,99
1924,2,3,4,1
1930,1,6,5,3
1931,3,6,5,2
1932,2,5,3,0
1938,1,1,1,3
1939,1,3,4,0
1942,0,3,3,2
1944,2,2,2,0
1951,3,4,4,3
1952,0,2,1,0
1954,1,1,1,0
1957,0,3,2,0
1968,1,2,3,2
1972,3,99,99,1
1976,0,3,3,0
1978,5,7,6,1
1979,1,2,5,2
1984,1,3,3,1
1985,2,3,1,0
1988,1,2,2,0
1990,99,4,4,99
1993,2,5,5,2
1994,2,4,7,2
1995,1,6,6,3
1996,2,3,1,0
2001,2,1,3,0
2006,1,4,6,0
2008,1,3,2,3
2015,1,3,5,3
2021,0,0,4,0
2022,3,3,2,0
2023,3,2,3,0
2024,0,4,4,1
2028,2,5,4,0
2030,5,6,5,0
2031,1,3,4,1
2032,1,5,5,0
2033,1,7,6,1
2036,2,4,3,2
2038,2,5,5,3
2039,4,2,3,0
2041,99,99,99,99
2044,1,2,5,99
2045,1,1,1,0
2048,2,5,4,0
2050,3,6,5,3
2051,2,5,3,0
2052,3,7,5,3
2053,2,7,3,3
2057,6,3,2,0
2058,2,2,3,1
2064,0,3,4,3
2065,2,4,3,0
2066,1,3,1,0
2072,3,2,1,2
2073,3,2,3,1
2077,1,4,5,2
2079,0,2,2,2
2080,2,3,3,0
2082,2,3,2,2
2083,2,4,2,0
2085,2,4,6,1
2086,2,2,2,2
2088,3,3,1,0
2089,1,2,1,2
2091,2,4,3,0
2093,3,5,2,1
2094,1,1,2,3
2097,1,5,3,2
2100,2,6,8,2
2101,1,2,5,1
2103,9,9,9,3
2107,3,6,3,2
2108,1,5,5,1
2113,3,5,8,0
2114,3,4,3,0
2115,3,3,4,2
2116,1,3,3,1
2117,2,1,2,2
2123,1,6,7,1
2125,3,6,5,1
2126,1,4,1,2
2131,3,2,2,0
2135,2,2,5,1
2140,2,1,1,0
2143,99,99,99,99
2145,1,6,7,3
2149,2,4,1,0
2154,2,6,5,3
2160,0,3,4,0
2165,1,4,3,2
2168,5,0,0,0
2169,1,5,2,0
2171,1,3,4,2
2172,2,5,4,1
2173,5,4,6,2
2176,1,2,3,3
2177,1,4,5,0
2179,1,5,1,0
2180,2,1,1,1
2182,2,2,6,0
2183,1,4,3,3
2187,2,4,6,0
2188,99,99,99,3
2190,2,3,3,1
2195,1,5,5,0
2200,1,3,3,0
2202,0,2,1,3
2204,2,6,8,2
2207,1,3,3,0
2209,2,6,8,2
2215,3,8,7,3
2218,1,3,1,0
2219,2,4,3,2
2224,4,3,3,2
2225,1,5,5,1
2228,1,4,2,0
2229,2,3,3,2
2230,1,4,4,0
2237,3,3,5,2
2238,1,5,5,0
2246,2,4,5,1
2250,2,3,1,0
2265,5,5,4,2
2268,7,9,8,0
2269,1,2,1,99
2270,1,6,5,3
2271,3,3,5,2
2274,1,3,5,0
2275,4,2,3,3
2277,3,3,3,0
2279,0,4,1,2
2285,1,3,4,0
2287,2,4,3,2
2291,3,3,2,1
2292,0,7,6,0
2293,1,3,1,1
2297,2,6,3,2
2300,1,4,3,0
2310,0,2,3,2
2321,2,6,7,2
2324,2,3,7,1
2332,0,5,4,0
2335,0,5,3,3
2336,1,4,5,2
2341,3,2,6,3
2347,1,7,6,2
2349,3,3,2,3
2356,5,4,3,1
2358,5,5,3,0
2360,2,4,3,2
2363,4,2,3,1
2364,0,1,3,2
2375,3,2,2,1
2381,1,4,3,2
2384,4,5,1,0
2388,2,3,6,2
2389,5,2,1,0
2390,2,1,2,2
2391,2,2,3,2
2394,99,99,99,99
2395,1,3,2,1
2396,4,5,1,99
2406,2,5,2,0
2408,1,6,5,0
2409,2,2,4,1
2410,3,2,4,0
2423,2,5,5,99
2429,0,4,6,3
2433,2,4,1,0
2438,3,6,2,0
2440,5,99,5,0
2442,0,7,7,0
2451,3,6,6,0
2452,1,4,6,0
2455,1,4,4,1
2456,2,5,5,0
2458,0,7,5,3
2459,5,3,5,0
2463,0,3,3,3
2468,1,1,5,0
2478,1,4,4,0
2479,3,4,4,1
2482,1,6,5,3
2483,1,1,3,0
2487,3,4,4,3
2488,0,6,6,1
2489,1,6,6,2
2491,0,4,3,2
2494,3,4,3,1
2512,0,8,6,3
2513,2,6,6,1
2515,2,6,5,1
2518,5,4,4,3
2521,2,4,4,0
2525,3,5,5,0
2527,5,5,5,0
2533,2,6,2,1
2534,1,2,2,0
2535,2,3,3,0
2536,0,3,2,0
2539,1,4,3,1
2547,2,2,5,3
2548,0,3,3,0
2564,1,2,2,2
2571,0,7,5,2
2577,2,1,0,0
2578,1,3,1,0
2582,0,6,7,2
2583,2,1,0,2
2584,0,3,3,0
2585,2,3,6,3
2592,1,5,5,1
2598,3,5,1,1
2599,5,4,5,1
2603,1,6,6,1
2606,3,3,1,0
2607,2,6,5,2
2609,1,3,6,0
2613,2,6,5,2
2617,3,5,5,0
2619,0,1,2,1
2620,3,3,4,0
2625,2,2,6,1
2627,3,3,2,0
2631,1,5,5,0
2639,0,4,4,2
2642,1,3,3,0
2643,2,5,1,1
2647,4,3,2,2
2652,1,2,3,0
2654,3,5,1,2
2657,2,3,6,3
2661,1,3,5,2
2665,2,3,3,1
2669,3,6,3,0
2672,2,5,3,1
2675,0,7,6,3
2678,3,6,7,3
2681,6,3,3,1
2682,2,3,1,2
2685,2,3,3,0
2686,2,6,3,0
2696,1,3,4,3
2697,1,5,3,1
2699,1,5,3,1
2700,5,5,3,0
2702,2,2,3,2
2704,1,1,1,0
2706,3,3,6,99
2709,3,6,6,0
2710,99,99,99,99
2716,2,7,5,1
2717,0,4,4,3
2721,3,2,4,1
2722,2,3,4,2
2728,1,4,3,0
2732,0,3,5,0
2739,3,6,7,2
2741,2,2,6,0
2742,2,3,3,2
2744,1,4,6,2
2748,1,5,5,1
2753,2,2,2,3
2754,0,5,4,0
2761,2,5,5,0
2762,2,5,6,3
2772,1,2,2,0
2775,3,3,3,0
2789,2,3,3,1
2792,2,4,9,0
2794,2,2,2,1
2796,2,6,7,3
2800,1,4,3,2
2801,2,3,3,0
2802,1,3,1,2
2803,2,2,2,0
2805,2,3,6,3
2807,0,1,1,0
2809,3,6,4,3
2814,99,1,2,0
2815,0,9,9,99
2819,2,99,99,99
2820,1,1,5,3
2822,3,3,3,0
2824,1,4,2,2
2826,0,8,9,3
2830,2,3,1,1
2831,0,3,1,2
2832,2,1,2,1
2834,3,5,5,0
2837,1,3,5,1
2838,6,5,2,0
2841,1,3,4,0
2842,2,4,2,1
2844,1,3,4,0
2846,0,3,4,1
2847,2,5,1,0
2849,6,3,2,1
2852,3,5,5,0
2859,0,4,3,2
2861,2,4,3,1
2864,1,2,3,2
2866,0,3,3,3
2869,2,5,5,0
2870,2,6,3,2
2873,3,5,4,0
2888,1,6,6,2
2894,3,6,4,0
2895,3,2,2,0
2905,2,4,3,1
2907,6,3,2,0
2908,1,5,2,2
2909,3,4,6,2
2911,4,6,8,0
2912,2,6,6,3
2919,1,1,2,1
2921,8,9,9,1
2935,2,5,4,2
2937,1,4,3,0
2942,2,5,6,1
2951,1,3,4,0
2955,2,5,5,0
2960,2,4,4,2
2962,0,3,3,0
2963,2,5,2,0
2965,4,3,4,1
2977,2,9,6,2
2980,0,9,7,0
2986,1,7,5,1
2990,0,6,5,2
2993,4,5,2,3
2995,1,3,3,0
2996,6,4,3,2
2998,1,3,4,0
3000,1,3,4,3
3001,1,6,6,0
3011,4,3,4,0
3014,3,2,2,1
3024,3,5,2,0
3029,2,7,7,2
3031,1,2,99,0
3032,3,7,8,99
3039,1,99,4,2
3041,0,2,2,2
3042,1,3,4,1
3044,0,7,9,0
3045,3,7,7,0
3048,1,5,4,2
3052,3,3,2,1
3063,3,3,3,0
3067,2,3,4,1
3069,5,6,6,0
3072,2,6,6,2
3083,1,5,6,2
3086,2,4,3,0
3090,4,5,5,3
3092,4,5,3,0
3093,1,99,5,3
3102,1,3,4,3
3103,2,5,7,2
3110,3,4,6,2
3114,1,2,2,3
3117,0,8,7,2
3118,1,8,8,3
3119,1,1,1,0
3122,3,5,5,3
3123,2,3,7,1
3127,0,7,8,2
3129,1,1,1,1
3132,1,6,6,3
3133,0,5,6,0
3138,1,2,1,1
3150,1,8,6,3
3154,3,5,3,0
3155,2,3,6,2
3156,1,5,5,3
3159,2,3,6,2
3160,1,5,6,1
3163,1,3,1,0
3164,3,1,1,0
3166,2,4,4,0
3173,3,7,7,1
3174,2,4,4,0
3176,2,7,3,0
3177,0,4,4,0
3178,2,3,1,0
3179,0,4,3,0
3180,3,2,2,0
3181,2,4,4,1
3188,2,2,3,2
3190,3,5,5,0
3193,0,5,1,2
3196,0,4,5,2
3197,1,5,7,1
3200,3,2,1,0
3203,0,1,1,0
3205,2,6,6,3
3208,2,6,6,1
3210,1,7,7,0
3212,1,3,2,0
3213,1,4,3,3
3214,1,5,5,2
3215,2,3,4,0
3218,2,2,2,1
3226,0,5,7,3
3227,1,5,6,3
3228,3,3,3,2
3229,3,5,3,3
3230,5,5,6,1
3236,2,6,5,2
3237,1,3,2,0
3245,2,6,5,2
3246,1,3,3,1
3256,1,2,5,0
3258,1,3,2,0
3260,1,7,6,2
3263,2,6,5,1
3264,2,2,6,0
3267,2,4,4,0
3270,2,3,1,0
3271,3,8,6,2
3272,2,2,2,3
3277,2,6,6,3
3279,1,6,5,2
3281,0,2,3,1
3283,99,99,99,99
3284,2,5,5,0
3286,2,3,3,0
3287,0,2,3,2
3291,1,3,5,2
3293,2,2,9,3
3294,2,7,5,2
3300,1,2,5,3
3303,2,4,8,0
3305,3,6,6,2
3307,5,3,3,2
3309,1,4,5,0
3313,0,3,1,0
3315,0,2,3,1
3317,0,6,2,0
3323,1,6,6,2
3329,5,4,3,0
3332,4,2,2,2
3349,3,5,5,0
3351,2,5,2,2
3352,0,3,3,0
3383,2,4,3,1
3385,1,2,1,0
3386,0,2,4,1
3390,2,3,2,3
3391,1,3,3,2
3401,1,2,6,0
3404,2,3,3,2
3406,1,3,2,0
3412,2,3,4,1
3414,3,4,2,0
3415,3,2,3,1
3420,3,3,1,1
3421,2,2,1,0
3422,2,6,6,3
3428,1,3,3,2
3429,1,4,2,2
3430,2,3,4,0
3441,3,4,4,2
3443,1,1,2,0
3444,1,7,6,2
3447,3,3,4,1
3449,1,1,1,1
3453,2,3,4,0
3454,3,2,1,0
3455,2,6,3,0
3458,1,5,6,0
3461,1,2,2,0
3462,4,6,6,0
3463,1,4,4,0
3469,2,4,1,0
3476,0,5,3,0
3482,4,4,4,2
3489,1,9,5,2
3495,2,6,6,2
3498,3,2,2,0
3500,3,5,5,1
3503,2,6,3,1
3506,0,4,8,1
3507,2,6,6,1
3508,0,2,2,0
3509,2,3,3,0
3511,1,2,2,0
3512,1,6,5,0
3516,3,3,4,3
3518,1,6,5,2
3522,3,3,6,3
3525,1,4,3,2
3526,0,2,4,2
3530,0,3,6,0
3537,4,3,3,2
3549,4,2,4,2
3551,1,2,4,1
3552,4,1,3,2
3553,2,3,4,0
3555,0,6,6,0
3556,3,4,5,1
3566,1,4,2,2
3570,0,4,2,0
3574,0,3,3,2
3575,99,99,99,99
3580,1,4,2,2
3595,2,4,5,1
3596,3,3,2,0
3597,2,6,7,2
3600,2,2,1,0
3602,2,4,3,0
3604,4,3,2,2
3607,99,99,99,0
3609,1,2,1,0
3611,1,3,0,1
3612,2,3,2,0
3616,3,5,3,99
3623,1,6,5,1
3625,4,4,4,1
3627,2,6,8,3
3632,3,3,3,0
3646,0,3,3,2
3647,1,7,6,3
3651,0,4,6,1
3658,0,4,4,0
3665,6,6,5,1
3670,3,3,2,0
3671,1,3,3,2
3672,3,3,1,0
3674,1,5,4,1
3675,1,0,0,3
3676,2,6,99,3
3678,2,6,3,1
3679,3,3,5,1
3680,1,4,1,3
3682,1,2,5,0
3697,1,9,9,3
3703,8,4,2,0
3704,1,1,5,1
3705,1,2,1,1
3706,0,6,7,2
3707,0,2,2,3
3714,0,7,0,3
3716,1,3,3,2
3721,2,2,6,0
3722,3,6,6,2
3725,2,3,3,1
3726,1,9,5,3
3732,1,7,7,0
3735,1,7,5,0
3741,0,7,7,1
3742,3,3,2,0
3743,1,4,6,1
3750,5,3,2,0
3752,2,8,9,2
3754,1,5,6,1
3755,2,5,6,1
3759,3,3,3,0
3762,2,2,2,0
3763,3,6,7,1
3764,2,6,5,99
3767,0,3,4,2
3770,3,2,1,1
3771,1,2,2,0
3772,0,4,1,0
3775,2,6,6,0
3781,1,3,3,0
3787,2,3,4,0
3793,1,6,6,0
3797,1,3,4,0
3801,1,4,3,0
3805,2,7,5,1
3806,2,4,4,1
3808,0,3,5,2
3813,1,6,5,1
3820,0,4,2,0
3824,3,2,3,1
3834,0,5,6,1
3835,1,6,6,1
3837,1,1,6,0
3838,4,6,5,2
3839,2,3,2,0
3844,1,3,2,0
3845,1,3,3,3
3850,1,3,1,0
3863,1,4,2,2
3864,5,2,5,2
3865,4,3,3,0
3867,1,4,2,0
3868,2,5,5,1
3875,0,5,6,0
3881,2,2,1,0
3884,0,1,1,0
3889,4,5,5,1
3895,2,3,3,1
3899,0,3,6,0
3902,3,3,3,0
3903,2,2,7,2
3905,1,6,7,1
3908,1,4,1,1
3909,2,3,1,3
3910,1,5,5,0
3920,2,5,5,0
3923,2,4,5,3
3924,2,2,2,1
3927,2,4,2,1
3928,1,4,4,3
3931,1,6,5,1
3933,2,3,2,1
3935,1,3,3,1
3939,1,5,3,1
3941,2,3,5,2
3942,1,6,6,1
3944,2,7,9,3
3945,5,5,6,0
3946,1,6,3,0
3955,3,6,6,3
3956,1,4,4,1
3957,2,5,4,1
3958,3,0,2,1
3959,1,2,3,1
3961,1,3,2,1
3964,0,5,6,2
3965,3,4,4,1
3968,0,5,4,0
3970,1,2,2,0
3972,1,2,1,1
3978,1,6,6,3
3979,4,2,2,0
3982,0,6,6,99
3986,2,2,3,2
3989,2,3,3,1
3990,0,2,3,2
3993,1,3,3,2
3995,2,2,2,2
3996,2,5,4,0
3999,1,3,5,2
4002,1,4,4,1
4007,3,3,3,0
4008,2,3,1,0
4013,1,5,3,0
4014,1,3,2,2
4015,5,5,2,1
4018,0,1,6,0
4019,3,3,6,0
4022,99,99,99,0
4024,2,2,1,0
4026,0,4,1,0
4040,2,3,2,3
4043,2,5,6,0
4050,3,3,3,0
4056,2,2,1,0
4058,3,3,1,0
4059,1,4,7,2
4063,1,3,5,2
4066,3,5,3,0
4067,5,5,5,0
4070,3,4,4,0
4074,2,4,4,1
4076,5,5,3,2
4077,2,1,2,3
4079,2,6,6,0
4080,0,6,8,2
4081,1,5,5,2
4082,1,1,1,2
4083,2,4,2,1
4084,0,5,6,2
4086,2,6,6,1
4088,3,5,5,0
4090,2,6,6,2
4093,3,4,3,0
4099,0,2,1,0
4103,1,8,9,0
4107,3,2,4,0
4118,2,5,5,0
4120,0,6,6,0
4125,4,4,2,0
4126,1,2,2,2
4127,2,4,6,0
4129,1,5,6,1
4132,1,5,4,1
4134,1,6,5,3
4136,0,4,6,2
4139,1,3,4,0
4147,1,3,3,1
4148,1,3,1,2
4153,0,0,0,0
4157,2,6,5,0
4158,1,4,1,0
4159,99,2,3,2
4160,3,3,2,1
4163,2,5,5,2
4164,1,5,5,1
4165,3,3,3,2
4172,0,1,1,0
4173,1,1,1,0
4175,2,3,3,0
4177,3,2,3,1
4179,0,7,7,1
4185,2,3,3,1
4191,6,5,5,2
4193,3,3,2,0
4194,1,5,5,2
4198,1,1,1,0
4199,2,2,1,0
4202,3,4,2,1
4203,2,3,3,2
4204,2,5,1,1
4207,99,2,2,0
4212,0,1,0,0
4213,2,3,2,0
4218,1,3,5,0
4219,2,3,2,1
4221,0,5,5,1
4225,0,5,5,0
4227,2,2,2,0
4230,5,6,6,1
4231,2,2,4,0
4236,1,5,5,2
4239,4,1,1,2
4240,2,5,5,1
4243,9,2,5,0
4247,0,4,0,0
4249,1,4,6,2
4250,2,3,1,0
4251,0,3,2,0
4252,1,1,1,2
4259,2,5,6,3
4260,4,4,4,2
4262,0,2,3,0
4263,5,2,2,2
4269,0,7,6,1
4271,3,5,6,1
4273,3,6,7,3
4275,2,5,4,0
4277,2,3,4,0
4278,4,8,8,2
4282,1,5,4,2
4285,0,7,8,3
4286,1,4,3,3
4287,3,2,3,0
4288,2,2,4,2
4292,2,5,6,1
4295,2,2,2,2
4297,2,2,2,1
4304,2,3,4,0
4310,1,5,6,2
4313,0,6,3,1
4318,2,7,5,0
4328,1,2,1,2
4330,0,6,3,3
4333,0,3,5,0
4343,2,4,1,1
4345,1,1,3,0
4346,2,5,6,2
4350,3,4,5,0
4352,1,6,6,0
4356,3,1,1,0
4361,3,4,5,0
4365,0,7,6,3
4370,2,6,5,2
4380,3,5,3,0
4388,2,5,6,0
4390,2,5,3,1
4406,2,2,3,0
4419,0,7,7,2
4422,4,5,3,2
4424,1,7,7,2
4430,0,5,5,3
4431,2,2,1,1
4439,1,5,5,2
4444,0,2,2,1
4450,0,2,2,1
4455,1,99,1,1
4479,0,2,6,2
4485,1,5,5,0
4497,4,5,4,0
4503,2,3,1,0
4505,2,3,3,1
4508,0,3,1,0
4513,1,3,0,2
4533,1,3,9,0
4534,1,2,3,1
4540,1,2,5,2
4562,1,5,5,0
4566,3,3,3,0
4573,2,3,7,1
4574,0,5,5,2
4578,0,6,7,1
4593,3,3,3,0
4596,1,5,6,2
4597,1,4,4,2
4599,9,5,0,1
4611,2,3,2,0
4612,2,6,6,2
4615,4,2,2,1
4627,2,5,6,2
4636,2,5,4,3
4637,1,5,6,3
4639,1,6,5,1
4645,3,5,5,0
4648,1,1,1,1
4651,0,8,7,0
4664,2,3,3,1
4710,2,5,1,3
4721,1,3,4,1
4724,2,3,2,0
4738,3,2,3,0
4745,2,4,4,2
4747,0,5,2,1
4750,2,1,1,0
4761,3,2,1,0
4797,2,4,3,99
4799,1,6,9,3
4815,2,0,1,0
4816,3,5,1,0
4817,1,3,3,2
4828,1,3,6,0
4841,1,6,6,1
4843,2,5,2,3
4869,1,3,2,0
4871,6,5,6,0
4900,2,6,5,0
4906,0,1,1,0
4919,4,5,5,2
4931,4,4,1,3
4940,6,2,1,0
4959,2,3,4,1
4965,1,8,7,2
4968,0,3,5,1
4976,2,5,6,1
4979,0,1,6,1
4987,4,4,5,3
4994,0,6,5,2
4997,2,5,6,0
4998,1,2,2,2
5018,2,4,3,0
5022,0,3,2,2
5037,2,3,3,0
5039,1,2,5,0
5065,2,4,5,0
5069,2,5,5,1
5072,3,7,5,1
5079,5,5,2,0
5090,1,3,3,0
5093,2,3,3,1
5097,3,3,2,0
5099,3,4,3,0
5104,3,2,2,3
5113,2,5,5,1
5149,1,2,2,0
5164,1,2,7,1
5165,1,3,7,1
5178,0,4,3,2
5182,1,2,2,0
5183,1,7,5,3
5206,1,1,2,0
5214,1,4,4,2
5218,5,1,1,0
5221,2,3,2,1
5222,2,3,6,1
5223,1,4,7,1
5237,1,4,4,0
5245,0,2,2,2
5268,1,3,5,0
5270,2,5,5,1
5273,3,3,2,0
5285,1,8,5,2
5327,1,2,1,0
5333,0,3,2,1
5338,2,5,5,0
5349,4,3,6,0
5354,2,3,7,2
5357,2,5,2,0
5366,2,3,4,1
5369,2,7,7,3
5370,2,3,1,0
5373,2,4,3,3
5374,2,3,2,0
5376,2,6,6,2
5407,1,3,4,3
5412,2,5,4,1
5417,2,4,6,3
5437,1,5,6,2
5442,1,3,6,0
5455,1,3,4,0
5456,1,0,0,0
5471,1,3,2,1
5481,2,4,2,0
5482,1,5,5,0
5508,1,7,6,3
5513,1,3,3,1
5515,2,2,2,0
5534,5,5,5,2
5545,1,3,3,3
5571,1,6,6,0
5603,0,4,4,2
5624,3,3,2,2
5633,2,5,5,0
5645,3,5,5,1
5656,4,5,4,3
5692,3,3,6,0
5718,1,3,4,1
5725,2,2,6,1
5729,3,6,5,2
5746,2,3,2,0
5768,2,5,1,1
5772,1,5,6,2
5800,1,7,7,3
5801,2,7,7,3
5813,1,5,2,0
5817,1,3,6,3
5818,2,5,7,0
5819,5,1,2,1
5835,1,2,2,2
5838,2,1,3,0
5905,3,1,3,0
5965,2,4,5,0
5972,1,3,3,0
5978,3,7,5,0
5986,1,1,2,2
5997,1,3,3,0
6012,1,7,7,0
6023,2,4,3,1
6034,0,3,5,2
6056,5,5,5,1
6071,3,2,1,3
6073,2,7,5,2
6075,1,3,6,1
6083,1,2,3,2
6091,1,1,1,1
6117,1,4,3,1
6146,4,7,6,3
6183,2,4,6,2
6206,1,5,6,0
6214,2,3,1,2
6217,1,6,6,1
6223,0,4,3,0
6267,5,6,6,3
6278,3,5,6,1
6303,4,5,5,3
6329,3,4,6,0
6350,0,4,3,2
6351,5,6,5,1
6355,5,5,7,1
6367,0,6,3,3
6379,3,6,5,2
6382,2,4,3,2
6399,1,3,9,3
6448,3,6,2,0
6477,6,9,7,2
6479,4,6,5,2
6480,2,3,4,2
6489,0,2,5,3
6502,0,4,3,0
6516,2,6,6,3
6521,4,5,3,2
6529,1,5,6,3
6535,99,99,99,2
6542,1,5,6,3
6560,1,5,6,2
6571,4,2,2,0
6602,3,2,2,1
6633,2,2,1,0
6647,2,1,2,0
6648,5,5,2,2
6694,3,3,4,1
6723,1,5,5,0
6807,1,4,6,1
6838,1,3,3,0
6878,2,4,6,0
6897,1,3,3,2
6908,2,5,2,1
6933,1,3,5,0
6938,0,3,7,0
7005,1,2,2,0
7012,2,4,4,1
7013,3,7,7,2
7028,2,2,4,1
7031,3,2,3,0
7037,0,5,6,0
7082,2,4,5,2
7084,0,2,5,0
7086,2,3,2,2
7101,3,4,3,3
7128,1,3,3,0
7193,1,2,2,1
7236,0,5,7,0
7326,0,2,5,1
7330,1,1,6,3
7354,2,6,7,2
7358,3,3,1,1
7377,2,2,1,0
7394,2,6,7,2
7395,1,2,3,1
7424,2,6,7,1
7456,1,3,3,0
7476,2,0,2,0
7485,1,3,1,3
7510,1,3,1,1
7531,2,2,2,0
7563,2,3,2,0
7596,2,2,3,1
7692,0,5,2,1
7729,2,2,4,1
7819,1,3,4,2
7834,2,4,2,0
7877,1,3,2,1
7883,1,2,2,2
7895,2,7,7,2
7937,0,5,6,3
7941,3,3,3,2
7952,5,6,6,0
8011,1,2,2,1
8021,4,7,2,2
8029,1,4,4,0
8063,3,3,3,1
8079,3,3,2,0
8159,1,7,7,2
8177,1,2,5,3
8201,4,6,6,0
8228,4,7,5,2
8234,2,2,2,3
8278,5,5,2,2
8289,4,6,5,0
8297,3,6,3,2
8318,1,7,6,2
8349,1,6,7,0
8376,1,5,1,0
8379,1,3,2,0
8396,3,2,3,0
8401,1,4,3,0
8413,2,3,3,1
8443,2,3,2,0
8454,4,7,2,3
8481,5,3,3,3
8491,2,4,3,0
8523,3,6,7,1
8537,2,5,2,1
8551,1,4,3,2
8572,1,3,2,0
8596,1,4,4,1
8604,4,5,6,0
8703,0,8,6,3
8713,2,5,6,0
8725,1,5,1,0
8728,1,4,4,2
8737,2,6,7,3
8784,2,3,4,2
9301,1,2,3,2
9303,1,2,1,0
9336,2,3,7,1
9574,0,4,1,3
9575,1,5,4,3
9576,1,3,1,1
9585,3,3,4,2
9620,0,4,4,1
9663,2,6,2,1
9695,2,5,6,1
9720,0,7,6,3
9745,2,3,3,3
9848,0,8,7,3
9871,3,2,3,2
9874,1,4,7,2
9883,0,3,3,0
9892,3,3,3,3
9965,1,4,3,3
9968,3,6,4,2
9982,2,6,8,1
10049,3,5,3,1
10067,2,2,3,3
10101,2,4,3,0
10113,2,8,5,0
10171,0,3,0,0
10178,0,4,3,0
10196,2,3,3,0
10209,2,3,3,2
10223,1,2,3,0
10255,3,5,2,1
10263,2,6,4,2
10269,1,2,2,0
10276,1,5,7,2
10278,2,3,3,2
10300,2,2,4,0
10312,0,3,3,2
10319,3,3,1,1
10345,2,2,3,1
10354,0,9,7,2
10361,1,3,2,0
10366,2,3,6,3
10399,2,3,1,2
10411,1,6,3,2
10457,2,4,4,1
10459,1,4,3,1
10465,2,3,5,3
10473,4,4,1,2
10528,6,3,5,0
10537,4,5,6,3
10590,0,3,4,1
10670,0,5,3,3
10690,1,1,5,3
10709,3,3,6,0
10722,2,3,2,0
10727,2,2,6,2
10737,2,3,3,1
10748,2,2,2,0
10789,1,5,3,3
10796,2,1,1,0
10797,2,5,6,2
10809,0,4,3,0
10822,2,9,5,3
10840,2,3,3,1
10858,1,0,1,1
10862,1,1,1,0
10877,5,2,2,2
10880,2,5,4,3
10887,2,3,6,3
10893,2,9,6,0
10904,2,4,4,3
10920,1,3,1,0
10933,3,1,1,0
10942,2,2,2,0
10955,1,3,4,0
10956,0,4,2,2
10961,2,5,6,2
10970,1,2,3,2
11150,1,6,6,2
11177,2,6,6,1
11189,0,3,5,2
11199,0,6,6,3
11272,0,3,4,0
11281,2,2,2,1
11292,4,4,4,1
11311,2,4,2,0
11319,2,4,3,0
11335,1,3,5,3
11355,3,3,2,3
11373,3,2,3,2
11416,2,6,5,1
11418,2,2,1,0
11452,6,5,2,0
11498,0,7,7,2
11510,3,6,7,0
11755,1,2,1,0
11760,2,3,1,2
11768,99,7,7,1
11784,2,4,4,3
11797,0,5,6,1
11810,3,6,6,0
11822,0,2,2,2
11832,1,6,1,1
11849,3,4,3,0
11914,2,7,7,0
11915,1,2,3,0
11917,1,2,2,0
11957,3,3,1,0
11976,0,6,6,2
12191,1,7,7,2
12776,0,6,4,2
12781,1,2,3,1
12817,2,4,7,2
12830,2,6,5,1
12848,1,3,3,3
12882,3,5,5,0
12893,0,0,0,3
12897,1,6,6,0
12938,1,5,1,0
12997,2,6,7,3
13042,1,2,1,0
13044,1,7,7,3
13107,3,6,3,0
13134,1,2,5,0
13142,5,5,5,3
13152,1,9,7,3
13160,1,5,8,3
13191,1,3,3,2
13193,2,2,5,3
13221,5,4,5,3
13227,2,4,4,0
13232,2,3,2,1
13238,0,6,7,2
13268,0,6,6,3
13293,0,3,2,2
13308,1,2,1,0
13311,5,4,3,1
13322,4,1,1,0
13333,1,1,2,0
13337,1,4,4,1
13340,1,5,1,3
13348,1,1,1,0
13349,0,2,2,0
13350,2,2,2,2
13362,1,2,2,1
13366,2,1,2,0
13417,0,6,7,2
13419,3,5,2,2
13522,3,2,4,1
13568,2,6,7,2
13660,1,2,2,1
13717,3,6,5,0
13750,0,2,5,1
13759,3,4,4,2
13774,2,3,9,0
13786,0,1,1,0
13797,1,4,3,0
13842,2,9,9,1
13846,1,5,3,1
13857,1,3,2,2
13869,1,4,6,3
13887,1,3,2,2
13926,99,99,99,99
13930,2,4,1,3
14046,0,2,4,2
14134,2,5,1,0
14163,2,4,6,0
14193,1,5,6,1
14194,1,3,1,0
14220,0,5,6,0
14231,3,2,3,0
14233,3,2,6,3
14236,3,2,2,1
14244,0,2,3,2
14294,1,2,3,0
14295,1,3,2,0
14515,1,2,5,2
14586,0,6,1,2
14612,2,6,6,3
14613,2,4,4,2
14645,2,6,5,0
14674,2,4,3,3
14691,5,7,7,1
14722,1,3,1,0
14741,1,4,4,1
14754,4,5,4,2
14787,2,3,4,0
14792,2,3,2,3
14806,1,3,5,2
14877,0,4,2,0
14928,1,9,7,1
14947,1,1,2,1
14951,1,1,1,0
14952,4,4,3,0
14957,0,3,5,2
14959,0,7,5,0
14962,3,6,7,0
15039,2,7,3,2
15423,2,3,1,1
15429,1,2,2,2
15500,2,6,6,3
15504,1,3,2,0
15522,2,6,7,2
15533,5,6,3,0
15535,1,4,5,1
15562,2,2,5,0
15584,2,2,4,0
15589,6,5,5,0
15620,2,2,4,2
15644,7,6,2,0
15669,2,2,2,3
15686,2,9,6,1
15704,2,3,1,2
15725,1,2,1,1
15994,5,3,3,0
16011,0,2,2,1
16037,0,4,4,3
16053,1,1,2,1
16107,6,6,6,2
16150,2,3,4,0
16155,3,6,6,2
16218,3,5,5,2
16231,0,3,1,3
16329,2,7,6,1
16335,1,6,3,2
16339,3,1,3,1
16396,1,6,6,2
16456,3,2,2,0
16517,3,4,3,0
16558,0,4,3,1
16566,1,4,2,2
16567,1,3,7,3
16588,0,2,0,0
16619,0,1,1,0
16648,1,3,2,3
16741,4,1,5,0
16775,1,3,2,0
16780,2,4,3,0
16839,3,6,5,2
16869,4,3,3,0
16875,0,6,6,0
16912,4,3,6,1
17130,6,6,6,2
17181,1,4,5,0
17190,5,2,3,0
17229,0,5,3,2
17230,1,6,5,0
17324,3,2,2,3
17336,1,1,3,0
17355,1,5,7,99
17410,0,6,2,3
17414,3,4,4,1
17467,3,5,6,3
17609,5,5,5,0
17614,0,3,6,0
17617,2,4,1,0
17703,1,3,3,0
17956,1,7,3,2
17969,4,4,6,1
18022,3,2,2,0
18046,1,2,3,0
18069,2,6,5,3
18099,2,5,5,0
18100,1,6,2,0
18138,3,3,5,0
18176,1,2,2,1
18192,0,3,5,3
18222,3,3,4,3
18246,2,3,1,3
18351,2,4,5,3
18411,1,1,1,1
18439,2,4,5,2
18512,1,3,2,0
18513,2,3,7,2
18519,2,1,0,0
18524,2,6,5,2
18531,1,5,5,1
18535,1,4,2,1
18556,2,2,3,1
18664,1,6,6,2
18674,2,6,6,1
18706,2,4,2,0
18722,0,99,6,2
18734,5,2,2,3
18789,2,2,2,1
18794,2,3,3,2
18808,1,4,4,2
18831,0,5,6,0
18876,2,3,1,1
18886,1,6,6,1
18890,0,7,7,3
18947,0,8,4,2
18961,2,5,5,0
19006,1,6,6,99
19018,0,2,2,0
19027,99,99,99,99
19039,0,5,5,1
19045,2,7,7,2
19065,2,4,3,1
19072,1,6,5,3
19107,3,6,3,1
19214,2,5,6,3
19225,2,3,4,1
19240,2,3,3,0
19313,4,6,3,2
19344,1,6,5,3
19408,3,3,5,1
19462,3,3,3,0
19472,2,3,1,0
19578,2,4,4,0
19691,3,7,8,0
19728,2,2,5,1
19853,0,4,3,0
19914,1,4,6,1
20033,3,6,6,3
20065,2,4,5,2
20145,1,5,6,0
20184,3,3,2,0
20199,2,5,5,3
20200,2,5,6,1
20221,2,3,4,1
20230,4,2,4,2
20242,2,5,5,1
20271,2,2,2,0
20279,1,6,6,1
20485,2,4,3,1
20500,2,5,6,0
20556,2,2,2,1
20626,1,3,3,1
20668,2,2,1,1
20685,2,7,7,3
20710,3,3,3,0
20737,2,3,3,1
20741,1,4,4,0
20767,2,3,1,99
20945,1,5,2,0
20984,1,5,2,0
21001,2,3,3,2
21011,2,2,7,2
21017,4,2,3,3
21022,1,2,1,1
21029,4,6,5,2
21073,2,4,2,1
21122,3,4,6,0
21396,3,5,1,0
21416,1,3,3,0
21428,2,3,6,1
21464,2,8,7,0
21620,2,3,4,2
21624,1,8,6,2
21661,1,2,4,0
21665,2,3,6,0
21731,3,4,5,1
21749,0,5,6,3
21750,1,5,5,3
21802,3,6,7,1
21803,1,3,6,0
21805,1,2,2,0
21827,0,2,2,0
21871,1,3,3,2
21921,2,5,5,2
21934,1,3,3,2
21967,2,1,1,1
21999,1,4,4,1
22003,2,3,4,0
22041,1,4,5,1
22058,2,4,4,0
22081,1,3,5,2
22090,1,5,5,1
22105,2,9,8,0
22114,0,0,0,0
22154,0,2,5,0
22185,2,6,6,2
22222,0,3,4,2
22236,3,2,6,3
22237,2,6,6,3
22255,4,1,4,0
22270,1,3,3,3
22495,1,2,2,0
22757,0,3,5,1
22778,3,5,7,0
22819,1,6,7,0
22837,1,8,6,0
22864,0,3,1,0
22927,1,5,6,0
22949,3,4,3,1
22981,5,5,5,0
23060,0,5,2,2
23082,0,8,8,3
23211,4,5,1,0
23421,3,3,3,2
23454,4,6,6,0
23465,1,3,1,2
23580,1,5,5,2
23749,6,3,1,3
23807,1,8,8,0
23937,4,2,8,0
24065,3,6,3,2
24075,0,7,8,2
24083,3,3,2,0
24109,4,2,5,0
24112,2,6,7,3
24180,1,3,3,2
24205,2,5,6,0
24238,1,3,2,3
24300,2,7,3,0
24310,2,5,5,0
24328,1,4,5,1
24455,2,6,6,0
24537,1,3,2,0
24659,1,2,2,1
24665,1,1,1,0
24680,3,1,4,1
24773,1,3,2,0
24810,5,4,4,0
24917,3,4,7,3
24925,1,5,7,0
24928,2,3,3,1
24952,2,3,3,1
24973,1,6,5,2
24990,2,3,4,3
25078,0,4,2,2
25086,6,3,0,0
25149,1,5,6,3
25315,0,2,3,0
25337,1,7,7,2
25370,1,9,7,0
25387,0,3,5,0
25445,2,1,4,2
25550,4,4,6,0
25591,5,6,6,2
25664,0,3,6,1
25879,1,5,5,2
25899,2,3,4,0
25912,0,5,6,0
25927,3,4,5,2
25929,0,1,1,0
25956,0,1,1,1
25991,0,5,6,0
26276,3,3,2,0
26290,2,3,5,2
26291,1,2,1,2
26502,2,3,3,3
26534,2,3,4,0
26605,1,5,2,1
26640,1,5,1,2
